rank,lei,institution_name,city,state,total_loans,white_rate,black_rate,asian_rate,native_rate,black_gap,asian_gap,native_gap,fairness_score,white_count,black_count,asian_count,native_count
1,5493001XKL0FTNOJ0866,"GENEVA FINANCIAL, LLC",ORO VALLEY,US-AZ,553,0.9328,0.9524,1.0,0.9,-0.0196,-0.0672,0.0328,-0.0196,372.0,147.0,24.0,10.0
2,549300D4ZYLSQ5LMTV35,ABSOLUTE HOME MORTGAGE CORPORATION,Fairfield,US-NJ,333,0.9565,0.9722,0.9683,1.0,-0.0157,-0.0117,-0.0435,-0.0157,161.0,108.0,63.0,1.0
3,254900K3H3XMRQNU9F32,"OVM FINANCIAL, INC.",Norfolk,US-VA,1704,0.9882,0.9892,1.0,0.9286,-0.001,-0.0118,0.0596,-0.001,1268.0,369.0,39.0,28.0
4,5493005EYZOUVJUXAX38,"LAKEVIEW COMMUNITY CAPITAL, LLC",Tempe,US-AZ,1803,0.9949,0.995,1.0,1.0,-0.0002,-0.0051,-0.0051,-0.0002,389.0,1405.0,4.0,5.0
5,549300QU641Z70NA3W22,Alpha Mortgage Corporation,Wilmington,US-NC,2449,1.0,1.0,1.0,1.0,0.0,0.0,0.0,0.0,2226.0,159.0,52.0,12.0
6,549300PXL1KA5TOL2O82,"M/I FINANCIAL, LLC",COLUMBUS,US-OH,3087,0.9964,0.9964,0.9971,1.0,-0.0,-0.0007,-0.0036,-0.0,1103.0,277.0,1700.0,7.0
7,5493001SDQVS1NWYH012,"PREMIER LENDING, INC.",SANTA ROSA,US-CA,645,0.9882,0.9877,1.0,1.0,0.0006,-0.0118,-0.0118,0.0006,424.0,162.0,57.0,2.0
8,549300PBTV7FCWLSMM53,"MORTGAGE SOLUTIONS OF COLORADO, LLC",Littleton,US-CO,2667,0.9125,0.9116,0.9375,0.9615,0.0009,-0.025,-0.049,0.0009,1200.0,1425.0,16.0,26.0
9,549300BM4NS8HDJT3X28,"INTERCOASTAL MORTGAGE, LLC",Roanoke,US-VA,2651,0.9909,0.9899,0.9688,1.0,0.001,0.0222,-0.0091,0.001,2310.0,296.0,32.0,13.0
10,549300VMX06UV1F7NS76,"SUCCESS MORTGAGE PARTNERS, INC.",PLYMOUTH,US-MI,1037,0.9498,0.9457,0.9583,1.0,0.0041,-0.0085,-0.0502,0.0041,857.0,129.0,48.0,3.0
11,5493005XMJQ1GSXUGT67,"Wolfe Financial, Inc",Raleigh,US-NC,1836,0.9807,0.9758,1.0,0.8571,0.005,-0.0193,0.1236,0.005,1607.0,165.0,57.0,7.0
12,5493005JPZ3LXXMB0S24,"ACRISURE MORTGAGE, LLC",TALLAHASSEE,US-FL,862,0.958,0.9526,0.9231,1.0,0.0054,0.0349,-0.042,0.0054,595.0,211.0,52.0,4.0
13,2549006SV57592TPRW11,"CORPORATE INVESTORS MORTGAGE GROUP, INC",Chapel Hill,US-NC,12038,0.9963,0.9898,0.9925,1.0,0.0065,0.0038,-0.0037,0.0065,11089.0,394.0,534.0,21.0
14,54930049L5WINET09Q97,"CLICK N' CLOSE, INC.",ROCKY RIVER,US-OH,1452,0.9596,0.9524,1.0,0.9451,0.0072,-0.0404,0.0145,0.0072,966.0,294.0,28.0,164.0
15,5493004RCIKTZ2ZKII25,"Low VA Rates, LLC",Brighton,US-CO,824,0.9692,0.9607,1.0,0.9286,0.0085,-0.0308,0.0407,0.0085,520.0,280.0,10.0,14.0
16,549300E3A68XVBMBX690,"Shamrock Home Loans, Inc.",EAST PROVIDENCE,US-RI,371,0.8808,0.872,0.875,0.6,0.0088,0.0058,0.2808,0.0088,193.0,125.0,48.0,5.0
17,549300FCPKXI75DX5M03,CITYWORTH MORTGAGE LLC,FAIRFAX,US-VA,356,0.9799,0.971,1.0,,0.0089,-0.0201,,0.0089,199.0,138.0,19.0,
18,254900L67A0ZTJRS6614,First Bank,Southern Pines,US-NC,15058,0.8384,0.8244,0.6957,0.6558,0.014,0.1427,0.1825,0.014,13939.0,689.0,276.0,154.0
19,549300EM8ID8J7F8OM55,"First Heritage Mortgage, LLC",Glen Allen,US-VA,3353,0.9982,0.984,0.9972,1.0,0.0142,0.001,-0.0018,0.0142,2796.0,188.0,359.0,10.0
20,549300F8C5JA44WNMI75,AMERICAN NEIGHBORHOOD MORTGAGE ACCEPTANCE COMPANY LLC,DOVER,US-DE,1702,0.9643,0.9487,0.963,0.8889,0.0156,0.0014,0.0755,0.0156,1318.0,312.0,54.0,18.0
21,254900WEP08K7U7S3A80,Nations Lending Corporation,Columbus,US-OH,1729,0.9207,0.905,0.9167,0.8889,0.0157,0.004,0.0318,0.0157,1475.0,221.0,24.0,9.0
22,54930034MNPILHP25H80,Gateway First Bank,Jenks,US-OK,1226,0.9438,0.9273,0.8421,1.0,0.0165,0.1017,-0.0562,0.0165,1032.0,165.0,19.0,10.0
23,54930021WPEXNHYZUL09,"PLANET HOME LENDING, LLC",WILMINGTON,US-DE,1786,0.8078,0.7906,0.7838,0.8462,0.0173,0.0241,-0.0383,0.0173,1249.0,487.0,37.0,13.0
24,549300TYV7NDBX6FUR63,"JET HOMELOANS, LP",WILMINGTON,US-DE,1255,0.9771,0.9568,0.9677,1.0,0.0203,0.0094,-0.0229,0.0203,874.0,278.0,93.0,10.0
25,549300MMIZD8222YV754,First Guaranty Mortgage Corporation,GLEN ALLEN,US-VA,2081,0.8636,0.8427,0.8961,0.75,0.0209,-0.0325,0.1136,0.0209,1532.0,464.0,77.0,8.0
26,54930021DZJ9CEN11D61,"TJC Mortgage, Inc.",WETUMPKA,US-AL,991,0.988,0.9669,1.0,1.0,0.021,-0.012,-0.012,0.021,832.0,121.0,34.0,4.0
27,549300W2VOHO3742H053,SELF-HELP Credit Union,Durham,US-NC,1357,0.8426,0.8212,0.6667,,0.0214,0.1759,,0.0214,1169.0,179.0,9.0,
28,549300EDXX36BJ0X7583,North State Bank,Raleigh,US-NC,6020,0.976,0.9545,0.9497,0.875,0.0216,0.0263,0.101,0.0216,5256.0,549.0,199.0,16.0
29,5493005WM8ZE8KHE1R85,"Allen Tate Mortgage Partners, LLC",Charlotte,US-NC,4309,0.9852,0.9628,0.9825,1.0,0.0224,0.0028,-0.0148,0.0224,3858.0,269.0,171.0,11.0
30,549300RWXUAFD1WAE410,"ATLANTIC BAY MORTGAGE GROUP, L.L.C.",VIRGINIA BEACH,US-VA,38988,0.9844,0.9583,0.9758,0.9368,0.0261,0.0086,0.0475,0.0261,34211.0,3597.0,990.0,190.0
31,549300RPOGWJRH63HS39,UNION HOME MORTGAGE CORP.,STRONGSVILLE,US-OH,14049,0.9849,0.9583,0.9713,0.9595,0.0266,0.0136,0.0254,0.0266,12192.0,1295.0,488.0,74.0
32,549300UFNWYY11NLMW19,"Hometown Lenders, Inc.",HUNTSVILLE,US-AL,1278,0.9654,0.9381,1.0,0.8571,0.0274,-0.0346,0.1083,0.0274,1012.0,226.0,33.0,7.0
33,549300DMIVL13D62WX91,"InterContinental Capital Group, Inc",NEW YORK,US-NY,2285,0.9597,0.9312,0.964,0.875,0.0285,-0.0042,0.0847,0.0285,1838.0,320.0,111.0,16.0
34,5493001GDRY0EL7VG372,"ARK-LA-TEX FINANCIAL SERVICES, LLC.",AUSTIN,US-TX,2359,0.9521,0.9235,0.9211,1.0,0.0286,0.0311,-0.0479,0.0286,2109.0,170.0,76.0,4.0
35,549300Y7G2MW6V1OR474,"VICTORIAN FINANCE, LLC",Harrisburg,US-PA,1294,0.9972,0.9684,1.0,1.0,0.0288,-0.0028,-0.0028,0.0288,1067.0,190.0,28.0,9.0
36,549300K4ZLGS7SRDTL86,Equity Prime Mortgage LLC,Atlanta,US-GA,703,0.9556,0.9255,0.8462,0.8333,0.0301,0.1095,0.1223,0.0301,496.0,188.0,13.0,6.0
37,549300GUS13Z72B6KD63,"KELLER MORTGAGE, LLC",HILLIARD,US-OH,2887,0.9681,0.9367,0.9767,1.0,0.0314,-0.0086,-0.0319,0.0314,2633.0,158.0,86.0,10.0
38,549300KJKBXR3PD3QQ56,RAPID MORTGAGE COMPANY,CINCINNATI,US-OH,1654,0.9874,0.9547,1.0,1.0,0.0326,-0.0126,-0.0126,0.0326,1347.0,243.0,60.0,4.0
39,549300MFY0P4D234OB91,HOMESPIRE MORTGAGE CORPORATION,BALTIMORE,US-MD,1708,0.9704,0.9378,0.9792,0.9667,0.0326,-0.0088,0.0037,0.0326,1148.0,482.0,48.0,30.0
40,549300ZZME37MXI1EF14,"DAS ACQUISITION COMPANY, LLC",St. Louis,US-MO,356,0.9953,0.9621,1.0,1.0,0.0332,-0.0047,-0.0047,0.0332,214.0,132.0,8.0,2.0
41,549300CY7WNAHKHYSJ73,"CORNERSTONE CAPITAL BANK, SSB",HOUSTON,US-TX,8969,0.9831,0.9495,0.975,0.9787,0.0336,0.0082,0.0044,0.0336,6876.0,1386.0,519.0,188.0
42,549300FOXIQQV5UZD367,"SOUTHERN TRUST MORTGAGE, LLC",RICHMOND,US-VA,6609,0.9743,0.9407,0.9625,0.9149,0.0337,0.0118,0.0594,0.0337,5454.0,708.0,400.0,47.0
43,549300AQ3T62GXDU7D76,GUILD MORTGAGE COMPANY LLC,GLENDALE,US-CA,4683,0.959,0.9248,0.9701,0.9412,0.0342,-0.0111,0.0178,0.0342,3635.0,864.0,167.0,17.0
44,549300IGSWBIHAL67063,"RESIDENTIAL MORTGAGE SERVICES, LLC",AUGUSTA,US-ME,3801,0.9521,0.9175,0.957,0.875,0.0345,-0.0049,0.0771,0.0345,3401.0,291.0,93.0,16.0
45,549300DD4R4SYK5RAQ92,"MOVEMENT MORTGAGE, LLC",WILMINGTON,US-DE,73836,0.9724,0.9367,0.9616,0.9536,0.0357,0.0108,0.0188,0.0357,60453.0,10103.0,2914.0,366.0
46,549300UI36AJZ0WZ4U93,"TAYLOR MORRISON HOME FUNDING, INC.",SACRAMENTO,US-CA,1992,0.9758,0.9399,0.9713,1.0,0.0359,0.0045,-0.0242,0.0359,784.0,233.0,974.0,1.0
47,549300QVQQMJ9IWR0G78,"CERTAINTY HOME LOANS, LLC",WILMINGTON,US-DE,4620,0.8994,0.8632,0.8026,0.8462,0.0362,0.0968,0.0533,0.0362,3629.0,826.0,152.0,13.0
48,5493002RF1ERFA2XR050,Renasant Bank,Tupelo,US-MS,3404,0.9645,0.9279,0.9054,0.8333,0.0366,0.0591,0.1312,0.0366,3213.0,111.0,74.0,6.0
49,549300VZVN841I2ILS84,"CROSSCOUNTRY MORTGAGE, LLC",WILMINGTON,US-DE,12643,0.9802,0.9436,0.9909,0.9294,0.0366,-0.0107,0.0508,0.0366,10251.0,1755.0,552.0,85.0
50,54930039UO39UJGI7078,TowneBank,Portsmouth,US-VA,11159,0.9484,0.9113,0.892,0.9545,0.0371,0.0565,-0.0061,0.0371,9848.0,891.0,398.0,22.0
51,549300LYRWPSYPK6S325,FREEDOM MORTGAGE CORPORATION,Trenton,US-NJ,39363,0.9263,0.8886,0.8975,0.9003,0.0377,0.0289,0.0261,0.0377,28674.0,9392.0,956.0,341.0
52,549300G2LV8W3C1G3762,"EQUITY RESOURCES, INC.",NEWARK,US-OH,7894,0.9776,0.9399,0.9891,0.9643,0.0377,-0.0115,0.0133,0.0377,6655.0,566.0,645.0,28.0
53,5493001WHVQBGRSWEU75,"HOMEBRIDGE FINANCIAL SERVICES, INC.",Iselin,US-NJ,3381,0.8936,0.855,0.8058,0.7647,0.0386,0.0878,0.1289,0.0386,2378.0,883.0,103.0,17.0
54,549300WTZMQSET2VY242,ACADEMY MORTGAGE CORPORATION,Salt Lake City,US-UT,1535,0.9735,0.9331,0.9583,1.0,0.0404,0.0152,-0.0265,0.0404,1172.0,299.0,48.0,16.0
55,5493005R34FLBMCPWB41,"TIDEWATER MORTGAGE SERVICES, INC.",VIRGINIA BEACH,US-VA,1416,0.9772,0.9363,0.9655,0.75,0.0409,0.0117,0.2272,0.0409,1139.0,157.0,116.0,4.0
56,5493008VVXQIDO1EZ460,"SUMMIT FUNDING, INC.",GLENDALE,US-CA,1815,0.9501,0.9091,0.9429,1.0,0.041,0.0072,-0.0499,0.041,1482.0,297.0,35.0,1.0
57,2549004Z576VEJBK3N72,"NQM FUNDING, LLC",WILMINGTON,US-DE,634,0.906,0.8644,0.8667,1.0,0.0416,0.0393,-0.094,0.0416,500.0,118.0,15.0,1.0
58,549300T0I2M6IPLVEN24,MCLEAN MORTGAGE CORPORATION,GLEN ALLEN,US-VA,3117,0.9873,0.9442,0.974,1.0,0.0431,0.0133,-0.0127,0.0431,2684.0,269.0,154.0,10.0
59,549300UF3FPC7U6RFC59,The Central Trust Bank,Jefferson City,US-MO,2555,0.9893,0.9456,0.9806,1.0,0.0437,0.0086,-0.0107,0.0437,2233.0,147.0,155.0,20.0
60,549300E8HNQO52YYHI82,American Security Mortgage Corp.,Charlotte,US-NC,18863,0.9888,0.9434,0.9909,0.9524,0.0454,-0.0021,0.0365,0.0454,16590.0,1308.0,881.0,84.0
61,54930059GZZ7G4G40O53,Primis Mortgage Company,Raleigh,US-NC,2395,0.9778,0.9318,0.9916,0.9524,0.0459,-0.0138,0.0254,0.0459,1754.0,264.0,356.0,21.0
62,549300YBQQ97B6Y7LE69,"Colten Mortgage, LLC",Denver,US-CO,485,0.9786,0.9313,0.9861,1.0,0.0473,-0.0075,-0.0214,0.0473,281.0,131.0,72.0,1.0
63,549300G5DVGM0ZHRQC33,CLEARPATH LENDING,IRVINE,US-CA,3246,0.9282,0.8807,0.9565,0.875,0.0475,-0.0283,0.0532,0.0475,2159.0,1056.0,23.0,8.0
64,549300S5YL3OH0IVCS62,FINANCE OF AMERICA REVERSE LLC,WILMINGTON,US-DE,944,0.9358,0.888,1.0,0.75,0.0478,-0.0642,0.1858,0.0478,810.0,125.0,5.0,4.0
65,549300NN0PRX3I4QGG46,"Mid-Continent Funding, Inc.",Columbia,,659,0.8797,0.8315,0.5,1.0,0.0483,0.3797,-0.1203,0.0483,474.0,178.0,4.0,3.0
66,549300CB67L6KPJLHE19,"TRIAD FINANCIAL SERVICES, INC.",Plantation,US-FL,3581,0.1827,0.1345,0.0556,0.2519,0.0483,0.1272,-0.0691,0.0483,2167.0,1108.0,36.0,270.0
67,549300LBCBNR1OT00651,NATIONSTAR MORTGAGE LLC,WILMINGTON,US-DE,17816,0.8574,0.8088,0.8209,0.7476,0.0486,0.0366,0.1098,0.0486,13030.0,4309.0,374.0,103.0
68,5493005NE66BD75BDB43,"Towne Mortgage of the Carolinas, LLC",Raleigh,US-NC,3472,0.9628,0.9137,0.942,0.6667,0.0491,0.0208,0.2961,0.0491,2957.0,371.0,138.0,6.0
69,549300XECJ0294F1ZG19,"MATTAMY HOME FUNDING, LLC",DOVER,US-DE,3158,0.9674,0.9177,0.9536,0.9,0.0497,0.0138,0.0674,0.0497,1656.0,802.0,690.0,10.0
70,549300MXJA09WZJ0DV55,FINANCE OF AMERICA MORTGAGE LLC,WILMINGTON,US-DE,1360,0.9358,0.8851,0.9044,1.0,0.0506,0.0313,-0.0642,0.0506,1074.0,148.0,136.0,2.0
71,T68X8LLAQYRNDV034K14,United Community Bank,Greenville,US-SC,12802,0.8037,0.7531,0.8106,0.7193,0.0506,-0.0068,0.0844,0.0506,12117.0,401.0,227.0,57.0
72,254900UL88QFG0E40516,FIGURE LENDING LLC,WILMINGTON,US-DE,6400,0.6228,0.5718,0.6158,0.4062,0.051,0.0069,0.2165,0.051,5209.0,773.0,354.0,64.0
73,549300GKFNPRWNS0GF29,"CMG MORTGAGE, INC.",SAN RAMON,US-CA,5896,0.9576,0.9059,0.9608,0.9245,0.0518,-0.0031,0.0331,0.0518,4318.0,733.0,739.0,106.0
74,IUGPUX5LWRZ3B6KIZ697,Ameris Bank,Atlanta,US-GA,5677,0.9396,0.8875,0.9091,0.9412,0.0521,0.0305,-0.0016,0.0521,4305.0,1102.0,253.0,17.0
75,549300RYBJHWWDENV610,Alcova Mortgage LLC,RICHMOND,US-VA,11970,0.9725,0.9203,0.9704,0.8657,0.0522,0.0021,0.1068,0.0522,10475.0,753.0,675.0,67.0
76,54930052M48FOD3CWA54,"PRIMARY RESIDENTIAL MORTGAGE, INC.",Carson City,US-NV,4907,0.9442,0.8911,0.936,0.8095,0.0531,0.0081,0.1347,0.0531,3906.0,808.0,172.0,21.0
77,5493002QI2ILHHZH8D20,"KBHS HOME LOANS, LLC",WILMINGTON,US-DE,1351,0.8968,0.8434,0.8728,0.75,0.0534,0.0241,0.1468,0.0534,756.0,198.0,393.0,4.0
78,549300D2MZZVH30ENJ10,"HAMILTON HOME LOANS, INC.",SUNRISE,US-FL,1007,0.9677,0.9143,0.9167,0.8,0.0535,0.0511,0.1677,0.0535,744.0,210.0,48.0,5.0
79,549300MCIFZSDHUT8X63,"NFM, INC.",DOVER,US-DE,6209,0.9823,0.9286,0.9801,0.9302,0.0537,0.0022,0.052,0.0537,5187.0,728.0,251.0,43.0
80,549300XWUSRVVOHPRY47,"EVERETT FINANCIAL, INC.",AUSTIN,,1815,0.9039,0.8498,0.9344,0.9091,0.0542,-0.0305,-0.0052,0.0542,1530.0,213.0,61.0,11.0
81,549300HW662MN1WU8550,"UNITED WHOLESALE MORTGAGE, LLC",PLYMOUTH,US-MI,42627,0.9273,0.8704,0.9383,0.8728,0.0569,-0.0109,0.0545,0.0569,30855.0,4159.0,7385.0,228.0
82,254900ZFWS2106HWPH46,"PARAMOUNT RESIDENTIAL MORTGAGE GROUP, INC.",SACRAMENTO,US-CA,1458,0.9469,0.8892,0.9478,1.0,0.0576,-0.001,-0.0531,0.0576,1016.0,325.0,115.0,2.0
83,5493008NWHQT1R22C024,"AMERICAN FINANCIAL NETWORK, INC.",BREA,US-CA,3475,0.973,0.9153,0.9219,1.0,0.0578,0.0511,-0.027,0.0578,2631.0,708.0,128.0,8.0
84,54930001NSTOD85LT125,"GUARANTEED RATE AFFINITY, LLC",WILMINGTON,US-DE,1190,0.9707,0.9116,0.9412,0.3333,0.0591,0.0295,0.6373,0.0591,989.0,147.0,51.0,3.0
85,549300OQMU3ID8QA6M46,VELOCIO MORTGAGE L.L.C.,DALLAS,US-TX,936,0.9721,0.9119,0.9504,0.8824,0.0602,0.0217,0.0897,0.0602,430.0,227.0,262.0,17.0
86,549300BX448ALT10FI43,The Federal Savings Bank,Chicago,US-IL,3136,0.8517,0.7909,0.8438,0.7059,0.0608,0.0079,0.1458,0.0608,2333.0,722.0,64.0,17.0
87,549300SVKVT1EF3U0N48,"ON Q FINANCIAL, LLC",SCOTTSDALE,US-AZ,2645,0.937,0.8755,0.9231,0.8889,0.0614,0.0139,0.0481,0.0614,2364.0,233.0,39.0,9.0
88,5493001LHLYJE6PHUL18,Uwharrie Bank,Albemarle,US-NC,4613,0.94,0.8776,0.9688,1.0,0.0624,-0.0287,-0.06,0.0624,4268.0,237.0,96.0,12.0
89,549300121SF0K2LN2804,"PRIMELENDING, A PLAINSCAPITAL COMPANY",DALLAS,US-TX,9473,0.9659,0.9023,0.9326,0.9333,0.0636,0.0333,0.0326,0.0636,7511.0,1546.0,386.0,30.0
90,5493007WZXR2YE227I23,"Blue Ridge Bank, National Association",Martinsville,US-VA,4065,0.9632,0.8983,0.9079,0.9608,0.0648,0.0553,0.0024,0.0648,3151.0,787.0,76.0,51.0
91,549300CDOC4F7XSRG390,Pinnacle Bank,Nashville,US-TN,8681,0.8631,0.7981,0.8,0.8684,0.065,0.0631,-0.0053,0.065,7095.0,1268.0,280.0,38.0
92,549300370QILXLFUWD20,"ZILLOW HOME LOANS, LLC",WICHITA,US-KS,2092,0.9317,0.8659,0.943,1.0,0.0658,-0.0113,-0.0683,0.0658,1639.0,246.0,193.0,14.0
93,549300MGPZBLQDIL7538,FAIRWAY INDEPENDENT MORTGAGE CORPORATION,AUSTIN,US-TX,36999,0.9463,0.878,0.9214,0.897,0.0683,0.0249,0.0493,0.0683,31583.0,3877.0,1374.0,165.0
94,549300FGXN1K3HLB1R50,"ROCKET MORTGAGE, LLC",PLYMOUTH,US-MI,130821,0.8717,0.8029,0.9043,0.7841,0.0688,-0.0327,0.0876,0.0688,102421.0,19554.0,8017.0,829.0
95,549300YN94MOAVYW0F52,"GoodLeap, LLC",GLENDALE,US-CA,2417,0.7336,0.6629,0.6905,0.5,0.0707,0.0432,0.2336,0.0707,1742.0,623.0,42.0,10.0
96,549300YW2UBCMDRMBT48,"RELIANCE FIRST CAPITAL, LLC",WILMINGTON,US-DE,3713,0.9221,0.8514,0.8312,0.6154,0.0707,0.0909,0.3067,0.0707,2695.0,915.0,77.0,26.0
97,549300GTVXJ2PGXNLM73,T2 FINANCIAL LLC,CINCINNATI,US-OH,2154,0.9568,0.8856,0.95,0.625,0.0712,0.0068,0.3318,0.0712,1805.0,201.0,140.0,8.0
98,25490018IFQOT83Q7H49,"GO MORTGAGE, LLC",Wilmington,US-DE,718,0.955,0.8833,0.9935,1.0,0.0716,-0.0385,-0.045,0.0716,444.0,120.0,153.0,1.0
99,WWB2V0FCW3A0EE3ZJN75,Manufacturers and Traders Trust Company,Buffalo,US-NY,1066,0.8116,0.7396,0.8571,0.6667,0.072,-0.0456,0.1449,0.072,743.0,265.0,49.0,9.0
100,54930080OKRZ7NNZIO71,AMERIFIRST FINANCIAL CORPORATION,KALAMAZOO,US-MI,2402,0.9304,0.8581,0.9286,1.0,0.0723,0.0018,-0.0696,0.0723,2184.0,155.0,56.0,7.0
101,549300UXY7OP0IC38293,Northpointe Bank,Grand Rapids,US-MI,3912,0.9471,0.8736,0.9567,0.7895,0.0736,-0.0096,0.1577,0.0736,3140.0,522.0,231.0,19.0
102,549300Q10M1VXBG2H889,"MILEND, INC.",Alpharetta,US-GA,990,0.8837,0.8083,0.8333,1.0,0.0754,0.0504,-0.1163,0.0754,731.0,240.0,18.0,1.0
103,549300UVXY7S004OQL53,"Wyndham Capital Mortgage, Inc.",Raleigh,US-NC,6597,0.9339,0.8568,0.9143,0.88,0.0771,0.0196,0.0539,0.0771,5796.0,391.0,385.0,25.0
104,C398JSK21YCXWM603F55,"Barrington Bank & Trust Company, National Association",Barrington,US-IL,1707,0.9001,0.8221,0.8462,0.8421,0.078,0.0539,0.058,0.078,1201.0,461.0,26.0,19.0
105,54930030Z1JWTP3SVD16,"TOP FLITE FINANCIAL, INC.",LANSING,US-MI,930,0.8189,0.7409,0.6364,0.75,0.078,0.1826,0.0689,0.078,718.0,193.0,11.0,8.0
106,549300RN01LBYR8ZVX74,"LOWER, LLC",LUTHERVILLE TIMONIUM,US-MD,7799,0.8761,0.7979,0.8784,0.8125,0.0782,-0.0023,0.0636,0.0782,6636.0,876.0,255.0,32.0
107,5493002B2WMHY23GFK92,"AMERICAN FINANCIAL RESOURCES, INC.",Parsippany-Troy Hills,US-NJ,1991,0.8773,0.7977,0.9143,0.7333,0.0796,-0.037,0.144,0.0796,1679.0,262.0,35.0,15.0
108,Q708HHR4LD2B7XIZNO92,First Federal Bank,Lake City,US-FL,3145,0.9431,0.863,0.8936,0.8824,0.0801,0.0495,0.0608,0.0801,2549.0,438.0,141.0,17.0
109,549300E2UX99HKDBR481,"NEW AMERICAN FUNDING, LLC",DOVER,US-DE,9183,0.8952,0.8149,0.9225,0.7719,0.0803,-0.0272,0.1233,0.0803,6623.0,2129.0,374.0,57.0
110,549300DD5QQUHO6PCH70,"MORTGAGE RESEARCH CENTER, LLC",JEFFERSON CITY,US-MO,27525,0.8352,0.7529,0.8435,0.7402,0.0823,-0.0083,0.095,0.0823,20120.0,6363.0,607.0,435.0
111,PAOOWF3GUFM46FBSP561,PHH Mortgage Corporation,Mount Laurel,US-NJ,2789,0.4113,0.329,0.3086,0.25,0.0823,0.1027,0.1613,0.0823,1906.0,778.0,81.0,24.0
112,5493007VW2EU20PZYU97,INSPIRE HOME LOANS INC.,WILMINGTON,US-DE,2173,0.9379,0.8552,0.9505,0.8,0.0827,-0.0126,0.1379,0.0827,1015.0,663.0,485.0,10.0
113,549300BFJ8COFCPOMU05,SOVEREIGN LENDING GROUP INCORPORATED,COSTA MESA,US-CA,1567,0.6115,0.5286,0.5106,0.375,0.0829,0.1009,0.2365,0.0829,1058.0,454.0,47.0,8.0
114,X05BVSK68TQ7YTOSNR22,Discover Bank,Greenwood,US-DE,15789,0.2546,0.1701,0.2127,0.1551,0.0845,0.0418,0.0995,0.0845,12186.0,2446.0,912.0,245.0
115,549300KHXD7JSQUZIJ22,"HIGHLANDS RESIDENTIAL MORTGAGE, LTD.",DALLAS,US-TX,9183,0.9562,0.8715,0.938,0.9167,0.0848,0.0183,0.0396,0.0848,8251.0,638.0,258.0,36.0
116,549300838ZAWQIH9V751,R T P Federal Credit Union,Morrisville,US-NC,506,0.9368,0.8512,0.9459,,0.0855,-0.0092,,0.0855,348.0,121.0,37.0,
117,549300PL8ER6H23P0Z91,BAY EQUITY LLC,GLENDALE,US-CA,1349,0.9427,0.8571,0.9304,1.0,0.0856,0.0123,-0.0573,0.0856,1047.0,140.0,158.0,4.0
118,549300BTTR873E71L054,Integrity Home Mortgage Corporation,Mechanicsville,US-VA,1038,0.9544,0.8684,1.0,0.9444,0.086,-0.0456,0.01,0.086,878.0,114.0,28.0,18.0
119,5493005PKOSG7MYX0B34,"Prosperity Home Mortgage, LLC",Richmond,US-VA,11045,0.9696,0.8836,0.9497,0.9444,0.0861,0.02,0.0252,0.0861,9779.0,773.0,457.0,36.0
120,549300OYEKEORA1GI088,"GoPrime Mortgage, Inc.",Apex,US-NC,8898,0.965,0.8756,0.9673,0.9474,0.0895,-0.0022,0.0177,0.0895,7891.0,675.0,275.0,57.0
121,549300RYWXR8TL5LIK35,"ALLIED MORTGAGE GROUP, INC.",BALA CYNWYD,US-PA,536,0.9496,0.8598,1.0,0.5,0.0898,-0.0504,0.4496,0.0898,397.0,107.0,30.0,2.0
122,RVDPPPGHCGZ40J4VQ731,"PENNYMAC LOAN SERVICES, LLC",WILMINGTON,US-DE,24097,0.7989,0.7089,0.8269,0.6721,0.09,-0.028,0.1268,0.09,17437.0,4648.0,1768.0,244.0
123,549300GY4NTTEM7WWB64,Bank of England,England,US-AR,1396,0.911,0.8203,0.92,0.75,0.0907,-0.009,0.161,0.0907,933.0,384.0,75.0,4.0
124,549300GDBIZCOI6TMO49,ANGEL OAK HOME LOANS LLC,ATLANTA,US-GA,5380,0.9481,0.8571,0.9128,0.913,0.0909,0.0353,0.035,0.0909,4851.0,357.0,149.0,23.0
125,549300AG64NHILB7ZP05,"LOANDEPOT.COM, LLC",DOVER,US-DE,30320,0.7992,0.7076,0.8983,0.6806,0.0915,-0.0992,0.1186,0.0915,19498.0,6170.0,4436.0,216.0
126,7H6GLXDRUGQFU57RNE97,"JPMorgan Chase Bank, National Association",Columbus,US-OH,15527,0.8793,0.7876,0.8777,0.6463,0.0917,0.0016,0.2329,0.0917,12757.0,1511.0,1177.0,82.0
127,5493004WMLN60ZJ2ON46,PULTE MORTGAGE LLC,WILMINGTON,US-DE,6920,0.9661,0.8737,0.9523,0.7333,0.0924,0.0138,0.2328,0.0924,3362.0,673.0,2870.0,15.0
128,549300U3721PJGQZYY68,"GUARANTEED RATE, INC.",WILMINGTON,US-DE,23293,0.9559,0.8626,0.9401,0.8902,0.0933,0.0158,0.0658,0.0933,20309.0,1943.0,868.0,173.0
129,549300BLL6VL7AXWYP56,CHURCHILL MORTGAGE CORPORATION,NASHVILLE,US-TN,2249,0.9475,0.8538,0.8571,1.0,0.0937,0.0904,-0.0525,0.0937,2096.0,130.0,14.0,9.0
130,549300R9S3MVDV4MGF56,"CARRINGTON MORTGAGE SERVICES, LLC",WILMINGTON,US-DE,8215,0.6754,0.5814,0.6698,0.5319,0.0941,0.0056,0.1435,0.0941,5022.0,2993.0,106.0,94.0
131,549300J7I82PNDVU8H22,"OCMBC, INC.",Glendale,US-CA,393,0.6911,0.5965,0.8621,1.0,0.0946,-0.171,-0.3089,0.0946,246.0,114.0,29.0,4.0
132,549300JYXTZDSPJEPI44,"PLAZA HOME MORTGAGE, INC.",Sacramento,US-CA,2175,0.8624,0.7676,0.7681,0.7857,0.0948,0.0943,0.0767,0.0948,1752.0,340.0,69.0,14.0
133,549300J7XKT2BI5WX213,"CALIBER HOME LOANS, INC.",WILMINGTON,US-DE,10689,0.9159,0.8192,0.8803,0.8095,0.0968,0.0357,0.1064,0.0968,8647.0,1482.0,476.0,84.0
134,549300BRJZYHYKT4BJ84,HOME POINT FINANCIAL CORPORATION,EWING,US-NJ,6425,0.9219,0.8238,0.938,0.8696,0.098,-0.0161,0.0523,0.098,5146.0,579.0,677.0,23.0
135,549300TINI6CL78UD591,Bloom Retirement Holdings Inc.,Sacramento,US-CA,1685,0.8363,0.7374,0.8571,0.7143,0.0989,-0.0208,0.122,0.0989,1393.0,278.0,7.0,7.0
136,549300UG7QXKM7KGV847,ROYAL UNITED MORTGAGE LLC,Indianapolis,US-IN,2693,0.741,0.6418,0.5455,0.6,0.0992,0.1956,0.141,0.0992,2224.0,416.0,33.0,20.0
137,5493000IIYWBLONJVJ30,ROUNDPOINT MORTGAGE SERVICING LLC,WILMINGTON,US-DE,847,0.9009,0.8,0.8108,1.0,0.1009,0.0901,-0.0991,0.1009,676.0,130.0,37.0,4.0
138,549300L1DBFIJZI8LA40,"ACOPIA, LLC",NASHVILLE,US-TN,1757,0.9785,0.8763,1.0,1.0,0.1021,-0.0215,-0.0215,0.1021,1532.0,186.0,37.0,2.0
139,213800XR2TCBQJSF1X93,NBKC BANK,LEAWOOD,US-KS,2445,0.9366,0.8341,0.8675,1.0,0.1024,0.0691,-0.0634,0.1024,2003.0,205.0,234.0,3.0
140,5493003KZFGGEWCRH554,Ditech Financial LLC,Tampa,US-FL,946,0.557,0.4534,0.4118,0.1111,0.1036,0.1453,0.4459,0.1036,684.0,236.0,17.0,9.0
141,549300PIL8LFAQ04XC20,"SPRING EQ, LLC",WILMINGTON,US-DE,7876,0.3764,0.2727,0.3794,0.1957,0.1037,-0.003,0.1807,0.1037,6387.0,1045.0,398.0,46.0
142,549300VCMRO4ST680C11,VILLAGE CAPITAL & INVESTMENT LLC,Wilmington,US-DE,3740,0.8609,0.7565,0.9062,0.6944,0.1044,-0.0454,0.1665,0.1044,2358.0,1314.0,32.0,36.0
143,549300XY701IELCE5Q08,BETTER MORTGAGE CORPORATION,GLENDALE,US-CA,12284,0.9152,0.8079,0.9387,0.6667,0.1073,-0.0234,0.2486,0.1073,9401.0,708.0,2136.0,39.0
144,2549006CSAAG67CX8Z55,Summit Credit Union,Greensboro,US-NC,1648,0.9614,0.8534,0.7778,1.0,0.108,0.1836,-0.0386,0.108,1062.0,566.0,18.0,2.0
145,549300H3IZO24NSOO931,"LENNAR MORTGAGE, LLC",NORTH PALM BEACH,US-FL,11298,0.9436,0.8345,0.9237,0.8864,0.1091,0.0198,0.0572,0.1091,5138.0,1462.0,4654.0,44.0
146,549300XQVJ1XBNFA5536,21ST MORTGAGE CORPORATION,WILMINGTON,US-DE,17965,0.2726,0.1618,0.2042,0.2439,0.1107,0.0683,0.0286,0.1107,9444.0,6977.0,142.0,1402.0
147,549300C04W4R4VGWRT26,DUKE UNIVERSITY FEDERAL CREDIT UNION,DURHAM,US-NC,491,0.9728,0.8601,1.0,0.5,0.1127,-0.0272,0.4728,0.1127,331.0,143.0,15.0,2.0
148,549300VORTI31GZTJL53,"CARDINAL FINANCIAL COMPANY, LIMITED PARTNERSHIP",Harrisburg,US-PA,18652,0.6802,0.567,0.5989,0.6404,0.1132,0.0813,0.0398,0.1132,14999.0,2113.0,1426.0,114.0
149,549300REENMLD2RN3W58,"Magnolia Bank, Incorporated",Elizabethtown,US-KY,2161,0.8796,0.7616,0.8333,0.75,0.118,0.0463,0.1296,0.118,1761.0,344.0,48.0,8.0
150,5493000BR75YQF0VQC27,HOMESTAR FINANCIAL CORPORATION,PEACHTREE CORNERS,US-GA,4797,0.9223,0.8042,0.8372,0.875,0.1181,0.0851,0.0473,0.1181,4301.0,429.0,43.0,24.0
151,C5654JQHZUHN0772B561,USAA Federal Savings Bank,Phoenix,US-AZ,12112,0.8052,0.6858,0.7692,0.6491,0.1194,0.036,0.1561,0.1194,9724.0,2040.0,234.0,114.0
152,549300IX6RAX31C1BI75,"Park Lane Finance Solutions, LLC",ROANOKE,US-VA,537,0.6092,0.4897,0.6667,0.5283,0.1195,-0.0574,0.0809,0.1195,238.0,243.0,3.0,53.0
153,549300TKFZR4QBNE5D40,"1ST SIGNATURE LENDING, LLC",Indianapolis,US-IN,1029,0.8813,0.7617,0.9655,0.6667,0.1196,-0.0842,0.2147,0.1196,750.0,235.0,29.0,15.0
154,54930043BMDE130FJ617,"PROVIDENT FUNDING ASSOCIATES, L.P.",SACRAMENTO,US-CA,6118,0.9035,0.7778,0.936,0.6667,0.1258,-0.0324,0.2369,0.1258,3649.0,108.0,2358.0,3.0
155,549300OPCWU6E72WUT29,"MUTUAL OF OMAHA MORTGAGE, INC.",CAMDEN,US-DE,5370,0.7467,0.6196,0.8041,0.7,0.127,-0.0574,0.0467,0.127,4362.0,794.0,194.0,20.0
156,WKN6AF1FCL7BBYGTGI83,First Savings Bank,Jeffersonville,US-IN,763,0.8577,0.7304,0.9424,0.6667,0.1273,-0.0847,0.191,0.1273,506.0,115.0,139.0,3.0
157,SS1TRMSN6BRNMOREEV51,"Flagstar Bank, National Association",Hicksville,US-NY,7965,0.8264,0.6978,0.8148,0.6857,0.1286,0.0116,0.1407,0.1286,6377.0,781.0,772.0,35.0
158,5493001SXWZ4OFP8Z903,"DHI MORTGAGE COMPANY, LTD.",DALLAS,US-TX,17316,0.9061,0.7773,0.901,0.8286,0.1288,0.0052,0.0775,0.1288,10417.0,4436.0,2393.0,70.0
159,549300FNXYY540N23N64,NEWREZ LLC,WILMINGTON,US-DE,15583,0.7138,0.5778,0.705,0.4158,0.136,0.0089,0.298,0.136,11209.0,3768.0,505.0,101.0
160,549300K6K2IS7FRS7S09,"North American Savings Bank, F.S.B.",Grandview,US-MO,1960,0.7967,0.657,0.6109,0.6923,0.1397,0.1858,0.1043,0.1397,1554.0,172.0,221.0,13.0
161,549300249G20MDIDRR27,"SOUTHWEST STAGE FUNDING, LLC",PHOENIX,US-AZ,1140,0.7514,0.6108,0.3333,0.7753,0.1406,0.418,-0.0239,0.1406,732.0,316.0,3.0,89.0
162,5493000NYUJT9UC6G261,LEADERONE FINANCIAL CORPORATION,TOPEKA,US-KS,318,0.7606,0.6186,0.875,0.5,0.142,-0.1144,0.2606,0.142,188.0,118.0,8.0,4.0
163,549300SJTLYB6ZWKPR88,CIVIC FEDERAL CREDIT UNION,Raleigh,US-NC,28728,0.8127,0.6688,0.755,0.5991,0.1439,0.0577,0.2136,0.1439,22771.0,5525.0,200.0,232.0
164,254900HA4DQWAE0W3342,"AMERIHOME MORTGAGE COMPANY, LLC",WILMINGTON,US-DE,2133,0.9095,0.7653,0.7857,0.8462,0.1441,0.1237,0.0633,0.1441,1756.0,294.0,70.0,13.0
165,549300Q3ROEQU3D1IW91,CREDIT HUMAN FEDERAL CREDIT UNION,San Antonio,US-TX,900,0.2162,0.0719,0.1818,0.1,0.1443,0.0344,0.1162,0.1443,740.0,139.0,11.0,10.0
166,213800QUAI2VH5YM6310,"EMBRACE HOME LOANS, INC.",MIDDLETOWN,US-RI,1615,0.5839,0.4371,0.5806,0.0,0.1468,0.0032,0.5839,0.1468,1264.0,318.0,31.0,2.0
167,COOWI3L2W9TPYR3WJX37,First Horizon Bank,Memphis,US-TN,7887,0.7108,0.564,0.6941,0.3514,0.1468,0.0167,0.3594,0.1468,6867.0,594.0,389.0,37.0
168,549300SUCQ1358EGVE89,"NEW DAY FINANCIAL, LLC",DOVER,US-DE,10635,0.4244,0.2759,0.3871,0.2694,0.1485,0.0373,0.155,0.1485,7038.0,3342.0,62.0,193.0
169,549300KBWX4NV5Q1E376,"NVR Mortgage Finance, Inc.",RICHMOND,US-VA,8753,0.9081,0.7589,0.8987,0.8182,0.1492,0.0094,0.0899,0.1492,4557.0,2584.0,1579.0,33.0
170,549300NFPC3Y4W3Y7R87,CALCON MUTUAL MORTGAGE LLC,CAMDEN,US-DE,2138,0.7613,0.6119,0.6727,0.8,0.1494,0.0885,-0.0387,0.1494,1177.0,791.0,165.0,5.0
171,5493000YNV8IX4VD3X12,"VANDERBILT MORTGAGE AND FINANCE, INC.",KNOXVILLE,US-TN,42744,0.2905,0.1397,0.5693,0.2013,0.1508,-0.2788,0.0893,0.1508,26073.0,14612.0,469.0,1590.0
172,E57ODZWZ7FF32TWEFA76,"Citibank, National Association",Sioux Falls,US-SD,1205,0.741,0.589,0.7925,0.25,0.152,-0.0514,0.491,0.152,892.0,146.0,159.0,8.0
173,549300SHE1JTCOWBP090,STATE EMPLOYEES',Raleigh,US-NC,235753,0.8526,0.6982,0.789,0.6334,0.1544,0.0635,0.2192,0.1544,173053.0,57936.0,2773.0,1991.0
174,549300VXXDSMSH313G18,Truliant Federal Credit Union,WINSTON SALEM,US-NC,34027,0.7038,0.5493,0.5679,0.4271,0.1545,0.1359,0.2767,0.1545,26083.0,6942.0,810.0,192.0
175,549300SK2GVCQXPD4S58,"SUN WEST MORTGAGE COMPANY, INC.",SACRAMENTO,US-CA,2281,0.917,0.762,0.96,0.6667,0.155,-0.043,0.2503,0.155,1711.0,458.0,100.0,12.0
176,L9VVX1KT5TFTKS0MLF66,First-Citizens Bank & Trust Company,Raleigh,US-NC,58741,0.797,0.6402,0.7213,0.6146,0.1568,0.0757,0.1823,0.1568,52674.0,3819.0,1934.0,314.0
177,549300GQDT484LGI9C04,NETWORK CAPITAL FUNDING CORPORATION,CARSON CITY,US-NV,1031,0.2816,0.1155,0.4444,0.25,0.1661,-0.1628,0.0316,0.1661,767.0,251.0,9.0,4.0
178,549300FX7K8PTEQUU487,PENTAGON FEDERAL CREDIT UNION,McLean,US-VA,4951,0.7427,0.5737,0.5646,0.6222,0.169,0.1781,0.1205,0.169,3475.0,990.0,441.0,45.0
179,549300OSZK2W0WJYS771,Northwest Federal Credit Union,Herndon,US-VA,797,0.8444,0.6718,0.7556,0.75,0.1726,0.0889,0.0944,0.1726,572.0,131.0,90.0,4.0
180,549300TQWW6MLVH6KY61,ALLEGACY FEDERAL CREDIT UNION,Winston-Salem,US-NC,12677,0.8534,0.6786,0.7449,0.6,0.1748,0.1085,0.2534,0.1748,11096.0,1313.0,243.0,25.0
181,549300SXISSKGPHW5702,SOFI LENDING CORP.,SACRAMENTO,US-CA,1442,0.5932,0.4154,0.46,0.4,0.1778,0.1332,0.1932,0.1778,1207.0,130.0,100.0,5.0
182,549300YIQ7S7Z8PIHE53,AMERISAVE MORTGAGE CORPORATION,Peachtree Corner,US-GA,12358,0.6622,0.4833,0.6209,0.4653,0.1789,0.0413,0.1969,0.1789,9574.0,1889.0,794.0,101.0
183,549300WMQ4WI6QXK7803,SKYLA FEDERAL CREDIT UNION,Charlotte,US-NC,2471,0.8366,0.6566,0.7206,0.5,0.18,0.116,0.3366,0.18,1597.0,792.0,68.0,14.0
184,B4TYDEB6GKMZO031MB27,"Bank of America, National Association",Charlotte,US-NC,61097,0.6551,0.4743,0.5983,0.3646,0.1808,0.0567,0.2904,0.1808,47506.0,8444.0,4785.0,362.0
185,549300MRP46SVQMWOE81,COASTAL Federal Credit Union,Raleigh,US-NC,30397,0.7947,0.6113,0.7192,0.6036,0.1833,0.0755,0.1911,0.1833,24396.0,4055.0,1777.0,169.0
186,549300T94GSH3C4U5M59,ALLIANT CREDIT UNION,Chicago,US-IL,1009,0.5245,0.3398,0.5238,0.5,0.1847,0.0007,0.0245,0.1847,837.0,103.0,63.0,6.0
187,25490012KFFZI81TDT02,The Fidelity Bank,Fuquay Varina,US-NC,8059,0.8838,0.6985,0.8,0.7619,0.1853,0.0838,0.1219,0.1853,7513.0,325.0,200.0,21.0
188,549300CHR7TPQ6LLXG47,LANGLEY FEDERAL CREDIT UNION,Newport News,US-VA,618,0.7636,0.5775,0.8333,0.3333,0.1862,-0.0697,0.4303,0.1862,440.0,142.0,30.0,6.0
189,5493000XJFWT2H46HI07,Southern Bank and Trust Company,Mount Olive,US-NC,9964,0.9121,0.7206,0.9416,0.7143,0.1916,-0.0295,0.1978,0.1916,9298.0,501.0,137.0,28.0
190,549300DNWSJUNAWUM003,"CREDIT UNION MORTGAGE ASSOCIATION, INC.",WILMINGTON,US-DE,978,0.9153,0.7209,0.9189,0.8333,0.1943,-0.0036,0.0819,0.1943,720.0,215.0,37.0,6.0
191,213800KVD76WKI6PN868,"CAPITAL CENTER, L.L.C.",GLEN ALLEN,US-VA,3728,0.7883,0.593,0.8308,0.7059,0.1953,-0.0425,0.0824,0.1953,3344.0,172.0,195.0,17.0
192,03D0JEWFDFUS0SEEKG89,"TD Bank, National Association",Wilmington,US-DE,4993,0.7801,0.5836,0.7548,0.3846,0.1965,0.0253,0.3955,0.1965,4361.0,305.0,314.0,13.0
193,6BYL5QZYBDK8S7L73M02,U.S. Bank National Association,Cincinnati,US-OH,12811,0.6879,0.4884,0.6637,0.3649,0.1994,0.0242,0.323,0.1994,10534.0,1427.0,776.0,74.0
194,KB1H1DSPRFMYMCUFXT09,"Wells Fargo Bank, National Association",Sioux Falls,US-SD,77187,0.7578,0.5577,0.722,0.5265,0.2001,0.0358,0.2313,0.2001,61711.0,10230.0,4680.0,566.0
195,8I3UVGYULPJQIP7FQV10,"SouthState Bank, National Association",Winter Haven,US-FL,6226,0.8484,0.6458,0.8113,0.4286,0.2026,0.0371,0.4199,0.2026,5641.0,384.0,159.0,42.0
196,549300GSCUJKJINRJ980,"RUOFF MORTGAGE COMPANY, INC.",Indianapolis,US-IN,799,0.8006,0.5963,0.7778,0.8,0.2043,0.0228,0.0006,0.2043,667.0,109.0,18.0,5.0
197,JJKC32MCHWDI71265Z06,Truist Bank,Charlotte,US-NC,97714,0.7286,0.5233,0.6578,0.4769,0.2053,0.0708,0.2517,0.2053,84687.0,8821.0,3816.0,390.0
198,549300SI3EZ7U02L5E39,PROPONENT Federal Credit Union,Nutley,US-NJ,711,0.8184,0.6084,0.8462,0.8,0.2099,-0.0278,0.0184,0.2099,501.0,166.0,39.0,5.0
199,549300COIWXM618UBE82,HomeTrust Bank,Asheville,US-NC,9755,0.7771,0.563,0.6398,0.5,0.2141,0.1373,0.2771,0.2141,9201.0,357.0,161.0,36.0
200,5493003GQDUH26DNNH17,NAVY FEDERAL CREDIT UNION,Vienna,US-VA,37247,0.7486,0.5282,0.7211,0.6071,0.2204,0.0275,0.1416,0.2204,26097.0,9736.0,961.0,453.0
201,QFROUN1UWUYU0DVIWD51,"Fifth Third Bank, National Association",Cincinnati,US-OH,17846,0.7297,0.5065,0.6316,0.4731,0.2233,0.0981,0.2566,0.2233,15126.0,1704.0,923.0,93.0
202,DRMSV1Q0EKMEXLAU1P80,"Citizens Bank, National Association",Providence,US-RI,9554,0.8393,0.6144,0.7732,0.56,0.225,0.0661,0.2793,0.225,8621.0,542.0,366.0,25.0
203,7E1PDLW1JL6TS0BS1G03,"SUNTRUST BANKS, INC.",NORCROSS,US-GA,8134,0.6318,0.4053,0.6294,0.4615,0.2265,0.0024,0.1703,0.2265,6662.0,950.0,483.0,39.0
204,5493009XSE00M8B9R434,"COUNTRYPLACE MORTGAGE, LTD.",AUSTIN,US-TX,732,0.2915,0.0649,0.0,0.1121,0.2266,0.2915,0.1793,0.2266,470.0,154.0,1.0,107.0
205,549300WK15ESCDNJ5M35,CORNING FEDERAL CREDIT UNION,CORNING,US-NY,5845,0.8444,0.6166,0.7889,0.75,0.2278,0.0555,0.0944,0.2278,5482.0,253.0,90.0,20.0
206,549300KRHOMDHAKS8L29,SHARONVIEW FEDERAL CREDIT UNION,Fort Mill,US-SC,4805,0.7498,0.5196,0.6136,0.5517,0.2302,0.1362,0.1981,0.2302,3945.0,714.0,88.0,58.0
207,5Z1UQ1CWY0DQ3KJWDQ07,"EverBank, National Association",Jacksonville,US-FL,1243,0.8657,0.633,0.8767,0.5,0.2326,-0.0111,0.3657,0.2326,1057.0,109.0,73.0,4.0
208,N8T7HW55LK5D2ORCKP39,First National Bank of Pennsylvania,Greenville,US-PA,24789,0.7695,0.5349,0.7162,0.6667,0.2346,0.0532,0.1028,0.2346,22589.0,1133.0,1022.0,45.0
209,549300C04BJ0G297NC13,Ally Bank,SANDY,US-UT,2131,0.8734,0.631,0.8905,0.8889,0.2425,-0.0171,-0.0155,0.2425,1817.0,168.0,137.0,9.0
210,5493000V86JDJLM0OV13,"CSL Financial, LLC",MONTGOMERY,US-AL,466,0.4342,0.1852,0.0,0.3067,0.249,0.4342,0.1275,0.249,281.0,108.0,2.0,75.0
211,5493001AGQGPJ3N3YL33,FOUNDERS FEDERAL CREDIT UNION,Lancaster,US-SC,3786,0.745,0.4943,0.4872,0.5714,0.2507,0.2578,0.1736,0.2507,3067.0,613.0,78.0,28.0
212,549300MKOZ81ZWTNKB12,United Bank,Fairfax,US-VA,2159,0.732,0.4737,0.7045,0.5789,0.2583,0.0275,0.153,0.2583,1944.0,152.0,44.0,19.0
213,AD6GFRVSDT01YPT1CS68,"PNC Bank, National Association",Wilmington,US-DE,27076,0.7428,0.4836,0.6707,0.4922,0.2592,0.0722,0.2506,0.2592,22843.0,2953.0,1087.0,193.0
214,5493008CPTDVOS570626,Third Federal Savings And Loan Association Of Cleveland,Cleveland,US-OH,6103,0.6973,0.4286,0.6348,0.4,0.2687,0.0625,0.2973,0.2687,4886.0,273.0,909.0,35.0
215,5493004RLLKTQS8K7U51,American Airlines Federal Credit Union,Fort Worth,US-TX,844,0.7746,0.492,0.6364,0.6667,0.2826,0.1382,0.1079,0.2826,621.0,187.0,33.0,3.0
216,549300ALNLUNS3Y53T24,AMERICAN FINANCING CORPORATION,Aurora,US-CO,3473,0.5538,0.2596,0.3529,0.2647,0.2942,0.2009,0.2891,0.2942,3120.0,285.0,34.0,34.0
217,549300K7EA6G6K9GYL80,South State Bank,Columbia,US-SC,2064,0.8309,0.534,0.8293,0.4375,0.2969,0.0016,0.3934,0.2969,1904.0,103.0,41.0,16.0
218,EQTWLK1G7ODGC2MGLV11,Regions Bank,Birmingham,US-AL,6239,0.7802,0.4776,0.7662,0.3548,0.3026,0.014,0.4254,0.3026,5183.0,670.0,355.0,31.0
219,549300PKEQ3Q9S0IXW76,UNITED FEDERAL CREDIT UNION,Saint Joseph,US-MI,3717,0.8277,0.5085,0.7234,0.6364,0.3193,0.1043,0.1914,0.3193,3541.0,118.0,47.0,11.0
220,549300NOCASXPA34X033,"LAKEVIEW LOAN SERVICING, LLC",WILMINGTON,US-DE,11105,0.5605,0.0572,0.572,0.3617,0.5033,-0.0115,0.1988,0.5033,9440.0,1347.0,271.0,47.0
